Cus_ID,Ticker,Date,Time,Title,Content
scb_2767,0154.HK,-----,-----,-----,-----
scb_2767,3155.HK,-----,-----,-----,-----
scb_2767,1212.HK,2018/08/13,15:59,利福國際(01212.HK)料本港下半年零售銷售增速不如上半年快,利福國際(01212.HK) 沽空 $44.92萬; 比率 4.678%   主席劉鑾鴻在記者會上表示，目前人民幣貶值對香港零售市道影響輕微，看到增長勢頭仍在，但預計下半年本港零售銷售的增幅不如上半年快，料為高單位數至低雙位數增長，主要是由於去年下半年的高基數效應所致。公司上半年盈利按年減少48.7%，主要是受到期內投資收入大幅下跌所拖累。他指出，投資組合中，主要包含股票、債券及投資基金等，預計下半年投資市場會較上半年動盪，因此近月已有將投資組合規模適量減少，但強調沒有可能將規模減至零。劉鑾鴻續指，將投資組合中的現金回流後放在公司，都沒有特別用途，因此計劃將部分資金用於回購，對股東亦有得益。他強調，一直不擔心公司的負債比率，因為目前未動用的現金達40億至50億，隨時可變現的資產達100億元。早前利福國際宣布收購利福中國(02136.HK)  +0.290 (+9.265%)    沽空 $8.99萬; 比率 0.777%   日式餐廳「和三味」。劉氏解釋，「和三味」本屬於集團的內地業務，但由於現時內地餐廳業務競爭大，因此只剩下香港區的一家分店，將其撥歸至利福國際旗下會更合適。
scb_2767,1212.HK,2018/08/13,12:19,《公司業績》利福國際(01212.HK)半年純利8.83億元跌48.7%  派中期息29.5仙,"利福國際(01212.HK) 沽空 $44.92萬; 比率 4.678%   公布截至今年6月底止中期業績，持續經營業務營業額21.13億元，按年升26.2%。純利8.83億元，按年跌48.7%；每股盈利0.551元。派中期息29.5仙，按年升2.1%。公司指，在消費性開支增長動力強勁及入境旅遊業復蘇的帶動下，銅鑼灣崇光於回顧期內的銷售收入錄得20.1%的升幅。透過在門店翻新計劃完成後提供更完善的購物體驗，整體客流量增加7.1%，逗留購買比率由去年同期上升2.3個百分點至34.7%，而平均每宗交易額(不包括崇光超市超級市場的交易額)則由去年的1,344元增加至1,482元。於5月舉行之半年一度的崇光「感謝周」再次廣受顧客歡迎，並錄得破記錄的銷售收入，由去年5月同期舉行的「感謝周」之10.92億元，上升19.7%至13.07億元。尖沙咀崇光於期內銷售收入增加42.8%。化妝品及護膚產品繼續為尖沙咀店的主要增長動力，銷售額於回顧期內增加55.4%。受惠於入境旅遊業及本地需求回勇，尖沙咀崇光延續強勁增長勢頭，平均每宗交易額及客流量均較去年同期有所增加。與銅鑼灣店情況相若，尖沙咀崇光的5月「感謝周」活動廣受歡迎，取得破記錄的銷售收入4.29億元，較去年同一活動上升41.9%。"
scb_2767,1398.HK,2018/08/21,16:15,"《全日速報》恆指全日收報27,752點 升154點 石藥升逾9%","恆指全日收27,752點，升154點或0.6%。國指升105點或1.0%，報10,737點。大市成交額1,003.25億元。活躍重磅股表現:友邦 (01299.HK) 沽空 $4.54億; 比率 30.684%    收68.3元，上升1.7%；平安 (02318.HK)  +1.000 (+1.442%)    沽空 $5.54億; 比率 12.758%    收70.35元，上升1.4%；建行 (00939.HK)  +0.050 (+0.731%)    沽空 $5.15億; 比率 32.609%    收6.89元，上升0.7%；匯控 (00005.HK)  -0.250 (-0.354%)    沽空 $2.83億; 比率 26.062%    收70.3元，下跌0.4%；工行 (01398.HK)  +0.020 (+0.352%)    沽空 $2.49億; 比率 22.404%    收5.7元，上升0.4%；港交所 (00388.HK)  +0.640 (+0.290%)    沽空 $9.77千萬; 比率 8.154%    收221.4元，上升0.3%；騰訊 (00700.HK)  -0.200 (-0.057%)    沽空 $8.52億; 比率 10.691%    收350.6元，下跌0.1%；異動成份股:石藥 (01093.HK)  +1.760 (+9.877%)    沽空 $1.29億; 比率 8.282%    收19.58元，上升9.9%；眾安 (06060.HK)  +3.300 (+9.231%)    沽空 $3.08千萬; 比率 21.012%    收39.05元，上升9.2%；舜宇 (02382.HK)  +7.650 (+8.788%)    沽空 $1.57億; 比率 7.944%    收94.7元，上升8.8%；瑞聲 (02018.HK)  +6.900 (+8.593%)    沽空 $2.01億; 比率 22.094%    收87.2元，上升8.6%；碧桂園 (02007.HK)  +0.900 (+7.937%)    沽空 $2.04億; 比率 15.788%    收12.24元，上升7.9%；吉利 (00175.HK)  +1.120 (+7.339%)    沽空 $9.67千萬; 比率 7.152%    收16.38元，上升7.3%；長汽 (02333.HK)  +0.290 (+6.430%)    沽空 $6.09千萬; 比率 34.519%    收4.8元，上升6.4%；國航 (00753.HK)  +0.410 (+6.119%)    沽空 $4.44千萬; 比率 19.278%    收7.11元，上升6.1%；中電信 (00728.HK)  +0.180 (+5.028%)    沽空 $1.15億; 比率 28.436%    收3.76元，上升5%；華潤置地 (01109.HK)  +1.200 (+4.388%)    沽空 $1.94億; 比率 27.866%    收28.55元，上升4.4%；東風 (00489.HK)  +0.320 (+4.318%)    沽空 $1.95千萬; 比率 21.608%    收7.73元，上升4.3%；廣汽 (02238.HK)  +0.290 (+4.215%)    沽空 $8.59百萬; 比率 4.273%    收7.17元，上升4.2%；萬科 (02202.HK)  +0.900 (+3.600%)    沽空 $3.36千萬; 比率 11.271%    收25.9元，上升3.6%；聯通 (00762.HK)  +0.320 (+3.532%)    沽空 $3.61千萬; 比率 10.187%    收9.38元，上升3.5%；新華保險 (01336.HK)  +1.150 (+3.443%)    沽空 $4.94千萬; 比率 14.651%    收34.55元，上升3.4%；中電 (00002.HK)  -3.000 (-3.193%)    沽空 $1.04億; 比率 30.567%    收90.95元，下跌3.2%；"
scb_2767,1398.HK,2018/08/21,12:05,"《半日速報》恆指半日收報27,729點 升131點 石藥升逾9%","恆指半日收27,729點，升131點或0.5%。國指升111點或1.0%，報10,743點。活躍重磅股表現:平安 (02318.HK) 沽空 $5.54億; 比率 12.758%    收70.95元，上升2.3%；友邦 (01299.HK)  +1.150 (+1.713%)    沽空 $4.54億; 比率 30.684%    收68.25元，上升1.6%；港交所 (00388.HK)  +0.640 (+0.290%)    沽空 $9.77千萬; 比率 8.154%    收222.4元，上升0.7%；建行 (00939.HK)  +0.050 (+0.731%)    沽空 $5.15億; 比率 32.609%    收6.87元，上升0.4%；匯控 (00005.HK)  -0.250 (-0.354%)    沽空 $2.83億; 比率 26.062%    收70.35元，下跌0.3%；工行 (01398.HK)  +0.020 (+0.352%)    沽空 $2.49億; 比率 22.404%    收5.69元，上升0.2%；騰訊 (00700.HK)  -0.200 (-0.057%)    沽空 $8.52億; 比率 10.691%    收350.4元，下跌0.1%；異動成份股:石藥 (01093.HK)  +1.760 (+9.877%)    沽空 $1.29億; 比率 8.282%    收19.6元，上升10%；眾安 (06060.HK)  +3.300 (+9.231%)    沽空 $3.08千萬; 比率 21.012%    收39.15元，上升9.5%；舜宇 (02382.HK)  +7.650 (+8.788%)    沽空 $1.57億; 比率 7.944%    收93.2元，上升7.1%；瑞聲 (02018.HK)  +6.900 (+8.593%)    沽空 $2.01億; 比率 22.094%    收85.85元，上升6.9%；長汽 (02333.HK)  +0.290 (+6.430%)    沽空 $6.09千萬; 比率 34.519%    收4.78元，上升6%；國航 (00753.HK)  +0.410 (+6.119%)    沽空 $4.44千萬; 比率 19.278%    收7.08元，上升5.7%；碧桂園 (02007.HK)  +0.900 (+7.937%)    沽空 $2.04億; 比率 15.788%    收11.96元，上升5.5%；吉利 (00175.HK)  +1.120 (+7.339%)    沽空 $9.67千萬; 比率 7.152%    收15.92元，上升4.3%；萬科 (02202.HK)  +0.900 (+3.600%)    沽空 $3.36千萬; 比率 11.271%    收25.95元，上升3.8%；中電信 (00728.HK)  +0.180 (+5.028%)    沽空 $1.15億; 比率 28.436%    收3.71元，上升3.6%；新華保險 (01336.HK)  +1.150 (+3.443%)    沽空 $4.94千萬; 比率 14.651%    收34.6元，上升3.6%；中信証券 (06030.HK)  +0.300 (+2.101%)    沽空 $3.41千萬; 比率 15.358%    收14.78元，上升3.5%；萬洲 (00288.HK)  +0.040 (+0.696%)    沽空 $1.76千萬; 比率 3.400%    收5.95元，上升3.5%；東風 (00489.HK)  +0.320 (+4.318%)    沽空 $1.95千萬; 比率 21.608%    收7.66元，上升3.4%；廣汽 (02238.HK)  +0.290 (+4.215%)    沽空 $8.59百萬; 比率 4.273%    收7.1元，上升3.2%；HTSC (06886.HK)  +0.260 (+2.185%)    沽空 $7.35百萬; 比率 9.141%    收12.28元，上升3.2%；蒙牛 (02319.HK)  +0.600 (+2.691%)    沽空 $3.73千萬; 比率 12.332%    收23元，上升3.1%；"
scb_2767,1398.HK,2018/08/21,09:26,《港股開市》恆指高開72點 騰訊及舜宇造好,"市場憧憬中美貿易談判，美股昨晚(20日)上升，其中道指收升89點或0.4%。恆指今早高開72點或0.3%，報27,670；國指近乎平開，報10,632。騰訊(00700.HK) 沽空 $13.51億; 比率 11.141%   領漲恆指，高開1.2%，造355元。舜宇光學(02382.HK)  +6.350 (+7.295%)    沽空 $1.54億; 比率 9.332%   回購15萬股涉資1,257萬元，股價今早回升2.2%，暫為表現最好藍籌；瑞聲(02018.HK)  +5.750 (+7.161%)    沽空 $5.32千萬; 比率 6.414%   高開1.5%。匯控(00005.HK)  -0.250 (-0.354%)    沽空 $2.91億; 比率 23.279%   、中移動(00941.HK)  -0.650 (-0.869%)    沽空 $4.16億; 比率 21.715%   低開0.6%、0.9%。友邦(01299.HK)  +1.200 (+1.787%)    沽空 $2.94億; 比率 23.760%   則高開1.2%。港交所(00388.HK)  +2.640 (+1.196%)    沽空 $9.95千萬; 比率 8.399%   今日除息，股價今早開市微升0.1%。中資金融股中國平安(02318.HK)  +1.700 (+2.451%)    沽空 $7.35億; 比率 26.510%   今公布中期績，績前高開1.3%；工行(01398.HK)  +0.020 (+0.352%)    沽空 $3.57億; 比率 18.227%   高開0.4%。長汽(02333.HK)  +0.290 (+6.430%)    沽空 $2.20千萬; 比率 24.352%   、比亞迪(01211.HK)  +1.500 (+3.254%)    沽空 $1.06億; 比率 23.091%   各高開2%，均暫為表現最好國指成份股。醫藥股個別走，石藥集團(01093.HK)  +1.900 (+10.662%)    沽空 $4.45千萬; 比率 5.442%   昨午公布上半年純利升41.1%，股價今早再升1.7%。藥明生物(02269.HK)  +5.850 (+9.049%)    沽空 $1.96億; 比率 38.535%   中期純利按年增171%，不派息，股價開市升2.9%。三生製藥(01530.HK)  -0.900 (-6.024%)    沽空 $2.59千萬; 比率 12.037%   中期純利按年增30.9%，不派息，股價開市跌5.4%。"
scb_2767,1398.HK,2018/08/20,17:42,滬市北水連續五日走資  撤出騰訊、潤啤及瑞聲,"港股今日(20日)全日升384點或1.4%，報27,598點，全日成交936.83億港元。滬股通(南向)淨流出9.47億人幣，較上日淨流出3.82億人幣擴大，並連續五日走資；深股通(南向)淨流入3.43億人幣，結束過去連續四日走資勢頭。滬港通(南向)資金流入的三大活躍股份，依次為工行(01398.HK) 沽空 $3.57億; 比率 18.227%   、建行(00939.HK)  +0.050 (+0.736%)    沽空 $2.63億; 比率 16.879%   及農行(01288.HK)  +0.050 (+1.377%)    沽空 $8.34千萬; 比率 15.552%   ，分別錄5.66億港元、1.52億港元及1.51億港元資金淨流入。滬港通(南向)資金流出的三大活躍股份，依次為騰訊(00700.HK)  +13.800 (+4.095%)    沽空 $13.51億; 比率 11.141%   、潤啤(00291.HK)  +1.500 (+4.608%)    沽空 $3.56千萬; 比率 6.406%   及瑞聲(02018.HK)  -0.550 (-0.680%)    沽空 $5.32千萬; 比率 6.414%   ，分別錄7.06億港元、2.67億港元及1.69億港元資金淨流出。"
scb_2767,1398.HK,2018/08/20,16:21,《全日總結》恆指升384點 騰訊揚近4% 濠賭股向好,"港股續反彈，中美雙方計劃於下周就貿易問題恢復談判，或有望化解貿易戰。美股上周五(17日)上升，其中道指收升110點或0.43%。恆指今早高開60點後曾一度倒跌4點，其後在內地股市帶動下，恆指最多抽升近400點，曾高見27,609。恆指全日近高收報27,598，升384點或1.4%；國指升118點或1.2%，收10,632點。大市成交936.83億元。滬港通全日淨流出金額9.47億人民幣，深港通全日淨入出金額為3.43億人民幣。騰訊(00700.HK) 沽空 $13.51億; 比率 11.141%   領漲大市，股價全日升4.1%，收報350.8元。不過，舜宇(02382.HK)  -1.500 (-1.694%)    沽空 $1.54億; 比率 9.332%   及瑞聲(02018.HK)  -0.550 (-0.680%)    沽空 $5.32千萬; 比率 6.414%   則分別跌1.7%及0.7%，其中舜宇為連跌第七日。石藥(01093.HK)  +0.200 (+1.135%)    沽空 $4.45千萬; 比率 5.442%   業績後股價升1.1%，大摩指第二季銷售及純利符預期。匯控(00005.HK)  +0.450 (+0.642%)    沽空 $2.91億; 比率 23.279%   、友邦(01299.HK)  +1.250 (+1.897%)    沽空 $2.94億; 比率 23.760%   分別升0.6%及1.9%。港銀股中銀香港(02388.HK)  +1.050 (+2.796%)    沽空 $1.31億; 比率 31.441%   造好升2.8%。中移動(00941.HK)  +1.500 (+2.046%)    沽空 $4.16億; 比率 21.715%   7月4G上客量加快至649萬，該股升2%，造74.8元。聯通(00762.HK)  +0.080 (+0.891%)    沽空 $3.93千萬; 比率 13.930%   彈0.9%。中國電信(00728.HK)  +0.030 (+0.845%)    沽空 $2.68千萬; 比率 10.638%   半年純利升8.1%，股價升0.8%。紐約期油續升0.7%，中海油(00883.HK)  +0.400 (+3.339%)    沽空 $1.67億; 比率 26.274%   走高3.3%。濠賭股造好，永利澳門(01128.HK)  +1.650 (+8.919%)    沽空 $5.34千萬; 比率 7.075%   中期經調整EBITDA增37%，每股中期連特別息共派75仙，該股揚8.9%。藍籌金沙(01928.HK)  +1.050 (+2.909%)    沽空 $1.81億; 比率 43.957%   及銀娛(00027.HK)  +1.450 (+2.710%)    沽空 $1.34億; 比率 18.394%   分別升2.9%及2.7%。內房龍頭股萬科(02202.HK)  +0.200 (+0.806%)    沽空 $8.09千萬; 比率 32.450%   、中國海外(00688.HK)  +0.500 (+2.155%)    沽空 $1.30億; 比率 41.361%   及潤地(01109.HK)  +1.050 (+3.992%)    沽空 $1.38億; 比率 29.337%   分別升0.8%-4%。恆大(03333.HK)  +1.200 (+4.478%)    沽空 $4.02億; 比率 28.173%   亦揚4.5%。中資金融股普遍向好，國壽(02628.HK)  +0.120 (+0.651%)    沽空 $8.51千萬; 比率 17.194%   、中國平安(02318.HK)  +0.650 (+0.946%)    沽空 $7.35億; 比率 26.510%   、建行(00939.HK)  +0.050 (+0.736%)    沽空 $2.63億; 比率 16.879%   、工行(01398.HK)  +0.060 (+1.068%)    沽空 $3.57億; 比率 18.227%   升0.7%-1.1%。非洲豬瘟疫情擴大，藍籌內需股萬洲(00288.HK)  -0.360 (-5.892%)    沽空 $5.52千萬; 比率 11.812%   跌5.9%。反之，潤啤(00291.HK)  +1.500 (+4.608%)    沽空 $3.56千萬; 比率 6.406%   績後獲花旗升目標價，股價彈4.6%。華潤電力(00836.HK)  +0.280 (+1.950%)    沽空 $9.05百萬; 比率 5.715%   轉讓一批煤炭資產，該股復牌反覆升2%。潤燃(01193.HK)  +1.400 (+4.154%)    沽空 $3.34千萬; 比率 14.413%   中期多賺25%，該股升4.2%。CEC國際(00759.HK)  +0.425 (+91.398%)   創辦人、主席兼董事總經理林偉駿逝世後，宣布委任鄧鳳群為公司新主席，公司股價飆91.4%收報0.89元，成交額1.42億元。據報內地多項新能源汽車政策醞釀出台，比亞迪(01211.HK)  +2.700 (+6.221%)    沽空 $1.06億; 比率 23.091%   揚6.2%。國航(00753.HK)  +0.270 (+4.199%)    沽空 $1.35千萬; 比率 10.937%   升4.2%。反之，中車時代電氣(03898.HK)  -3.500 (-7.804%)    沽空 $1.19億; 比率 31.225%   上半年純利10.4億元人民幣，按年跌7.2%，該股績後遭美銀美林下調目標價，股價挫7.8%。中車(01766.HK)  -0.140 (-2.068%)    沽空 $1.54千萬; 比率 7.336%   亦跌2.1%。希瑪眼科(03309.HK)  -0.690 (-12.084%)    沽空 $2.49百萬; 比率 7.576%   預警半年稅後利潤跌50%-60%，該股挫12.1%。"
scb_2767,1398.HK,2018/08/20,16:15,《全日速報》恆指升384點 騰訊升逾4%,"恆指全日收27,598點，升384點或1.4%。國指升118點或1.1%，報10,632點。大市成交額936.83億元。活躍重磅股表現:騰訊 (00700.HK) 沽空 $13.51億; 比率 11.141%    收350.8元，上升4.1%；港交所 (00388.HK)  +4.400 (+2.000%)    沽空 $9.95千萬; 比率 8.399%    收224.4元，上升2%；友邦 (01299.HK)  +1.250 (+1.897%)    沽空 $2.94億; 比率 23.760%    收67.15元，上升1.9%；工行 (01398.HK)  +0.060 (+1.068%)    沽空 $3.57億; 比率 18.227%    收5.68元，上升1.1%；平安 (02318.HK)  +0.650 (+0.946%)    沽空 $7.35億; 比率 26.510%    收69.35元，上升0.9%；建行 (00939.HK)  +0.050 (+0.736%)    沽空 $2.63億; 比率 16.879%    收6.84元，上升0.7%；匯控 (00005.HK)  +0.450 (+0.642%)    沽空 $2.91億; 比率 23.279%    收70.55元，上升0.6%；異動成份股:比亞迪 (01211.HK)  +2.700 (+6.221%)    沽空 $1.06億; 比率 23.091%    收46.1元，上升6.2%；萬洲 (00288.HK)  -0.360 (-5.892%)    沽空 $5.52千萬; 比率 11.812%    收5.75元，下跌5.9%；國航 (00753.HK)  +0.270 (+4.199%)    沽空 $1.35千萬; 比率 10.937%    收6.7元，上升4.2%；華潤置地 (01109.HK)  +1.050 (+3.992%)    沽空 $1.38億; 比率 29.337%    收27.35元，上升4%；海螺水泥 (00914.HK)  +1.700 (+3.753%)    沽空 $2.56億; 比率 45.576%    收47元，上升3.8%；中海油 (00883.HK)  +0.400 (+3.339%)    沽空 $1.67億; 比率 26.274%    收12.38元，上升3.3%；蒙牛 (02319.HK)  +0.700 (+3.241%)    沽空 $3.74千萬; 比率 14.134%    收22.3元，上升3.2%；HTSC (06886.HK)  +0.360 (+3.120%)    沽空 $1.01千萬; 比率 19.499%    收11.9元，上升3.1%；"
scb_2767,1398.HK,2018/08/20,12:13,《半日總結》恆指升244點 騰訊領漲 永利派特息揚8%,"中美雙方計劃於下周就貿易問題恢復談判，或有望化解貿易戰。美股上周五(17日)上升，其中道指收升110點或0.43%。恆指今早高開60點後曾一度倒跌4點，其後在內地股市帶動下，恆指最多抽升333點曾高見27,547。恆指半日收報27,457，升244點或0.9%；國指升80點或0.8%，收報10,594。大市成交484.21億元。截止中午12點，港股通(滬)交易淨流出2.71億元人民幣，港股通(深)交易淨流入2.41億元人民幣。騰訊(00700.HK) 沽空 $4.07億; 比率 7.751%   領漲大市，股價半日升2.7%，造346.2元。舜宇(02382.HK)  -5.050 (-5.703%)    沽空 $6.93千萬; 比率 7.993%   及瑞聲(02018.HK)  -1.300 (-1.608%)    沽空 $2.08千萬; 比率 6.864%   則分別跌4%及0.7%，其中舜宇為表現最差藍籌。中移動(00941.HK)  +1.650 (+2.251%)    沽空 $1.83億; 比率 22.001%   7月4G上客量加快至649萬，該股升2%，造74.75元。聯通(00762.HK)  +0.060 (+0.668%)    沽空 $1.75千萬; 比率 13.362%   彈1.6%。匯控(00005.HK)  -0.050 (-0.071%)    沽空 $1.13億; 比率 20.076%   、友邦(01299.HK)  +1.200 (+1.821%)    沽空 $1.29億; 比率 25.311%   分別走低0.1%及走高0.9%。港銀股中銀香港(02388.HK)  +1.150 (+3.063%)    沽空 $9.04千萬; 比率 49.616%   造好升2.4%。濠賭股造好，金沙(01928.HK)  +0.850 (+2.355%)    沽空 $7.37千萬; 比率 46.839%   及銀娛(00027.HK)  +1.050 (+1.963%)    沽空 $6.05千萬; 比率 15.231%   分別升2.8%及2%。永利澳門(01128.HK)  +1.360 (+7.351%)    沽空 $2.46千萬; 比率 6.098%   中期經調整EBITDA增37%，每股中期連特別息共派75仙，該股揚8.1%。香港電視(01137.HK)  +0.130 (+5.417%)    沽空 $29.17萬; 比率 9.191%   擬向香港寬頻(01310.HK)  +0.180 (+1.480%)   出售葵涌物業，兩股分別升4.2%及1.3%。非洲豬瘟疫情擴大，藍籌內需股萬洲(00288.HK)  -0.350 (-5.728%)    沽空 $2.92千萬; 比率 15.265%   跌3.9%。潤啤(00291.HK)  +1.400 (+4.301%)    沽空 $1.67千萬; 比率 5.646%   績後獲花旗升目標價，股價彈4.9%造34.15元。華潤電力(00836.HK)  +0.180 (+1.253%)    沽空 $2.13百萬; 比率 3.389%   轉讓一批煤炭資產，該股復牌先升後回，股價半日微跌0.3%。潤燃(01193.HK)  +1.200 (+3.561%)    沽空 $2.54千萬; 比率 21.072%   中期多賺25%，該股升3.4%。中資金融股普遍向好，中國平安(02318.HK)  +0.300 (+0.437%)    沽空 $2.56億; 比率 22.166%   、建行(00939.HK)  +0.050 (+0.736%)    沽空 $1.45億; 比率 21.363%   、工行(01398.HK)  +0.020 (+0.356%)    沽空 $1.34億; 比率 14.251%   升0.5%-0.7%。內房龍頭股萬科(02202.HK)  +0.300 (+1.210%)    沽空 $3.45千萬; 比率 24.935%   、中海外(00688.HK)  +0.400 (+1.724%)    沽空 $3.70千萬; 比率 33.047%   及潤地(01109.HK)  +0.750 (+2.852%)    沽空 $3.41千萬; 比率 21.634%   分別升1.5%-3%。海螺水泥(00914.HK)  +1.600 (+3.532%)    沽空 $1.33億; 比率 49.546%   更彈4%。紐約期油續升0.7%，中海油(00883.HK)  +0.380 (+3.172%)    沽空 $4.83千萬; 比率 18.814%   升3.2%，為表現最好藍籌。國航(00753.HK)  +0.270 (+4.199%)    沽空 $5.66百萬; 比率 8.424%   升4.5%，為表現最好國指成份股。中車時代電氣(03898.HK)  -3.200 (-7.135%)    沽空 $8.32千萬; 比率 32.354%   上半年純利10.4億元人民幣，按年跌7.2%，該股績後遭美銀美林下調目標價，股價挫6.1%。中車(01766.HK)  -0.170 (-2.511%)    沽空 $1.10千萬; 比率 10.051%   亦跌3.1%。比亞迪(01211.HK)  +2.450 (+5.645%)    沽空 $1.81千萬; 比率 11.737%   造好升4.4%。醫藥股個別走，三生製藥(01530.HK)  +0.900 (+6.429%)    沽空 $5.00百萬; 比率 4.238%   、藥明生物(02269.HK)  +2.000 (+3.200%)    沽空 $9.01千萬; 比率 33.988%   今日公布中期業績，股價績前分別升4.4%及3%。惟中國生物製藥(01177.HK)  -0.240 (-2.667%)    沽空 $4.87百萬; 比率 1.341%   則跌2.4%。部份教育股隨市回升，新高教(02001.HK)  +0.220 (+4.671%)    沽空 $1.64百萬; 比率 7.791%   彈5%。宇華教育(06169.HK)  +0.160 (+4.938%)    沽空 $4.23百萬; 比率 8.908%   、民生教育(01569.HK)  -0.020 (-1.724%)   、博駿教育(01758.HK)  +0.040 (+1.852%)   升2.3%-5.6%。CEC國際(00759.HK)  +0.435 (+93.548%)   創辦人、主席兼董事總經理林偉駿逝世後，宣布委任鄧鳳群為公司新主席，公司股價半日飆1.02倍，造0.94元，成交額9,250萬元。希瑪眼科(03309.HK)  -0.680 (-11.909%)    沽空 $1.67百萬; 比率 7.203%   預警半年稅後利潤跌50%-60%，該股挫10.3%。麗珠醫藥(01513.HK)  -1.850 (-5.864%)    沽空 $17.87萬; 比率 0.552%   中期純利按年25.7%，該股挫6.2%。東方海外(00316.HK)  -10.400 (-15.116%)    沽空 $22.88萬; 比率 0.866%   今再插16.9%。該股上周五公布恢復公眾持股要求。四海國際(00120.HK)  +0.020 (+1.695%)   擬35億人民幣參股內地物流商60%，該股升4.2%。"
scb_2767,1398.HK,2018/08/20,12:05,"《半日速報》恆指半日收報27,457點 升244點 國航升逾4%","恆指半日收27,457點，升244點或0.9%。國指升80點或0.8%，報10,594點。活躍重磅股表現:騰訊 (00700.HK) 沽空 $4.07億; 比率 7.751%    收346.2元，上升2.7%；港交所 (00388.HK)  +2.800 (+1.273%)    沽空 $3.33千萬; 比率 7.344%    收222.8元，上升1.3%；友邦 (01299.HK)  +1.200 (+1.821%)    沽空 $1.29億; 比率 25.311%    收66.5元，上升0.9%；建行 (00939.HK)  +0.050 (+0.736%)    沽空 $1.45億; 比率 21.363%    收6.84元，上升0.7%；平安 (02318.HK)  +0.300 (+0.437%)    沽空 $2.56億; 比率 22.166%    收69.15元，上升0.7%；工行 (01398.HK)  +0.020 (+0.356%)    沽空 $1.34億; 比率 14.251%    收5.65元，上升0.5%；匯控 (00005.HK)  -0.050 (-0.071%)    沽空 $1.13億; 比率 20.076%    收70元，下跌0.1%；異動成份股:國航 (00753.HK)  +0.270 (+4.199%)    沽空 $5.66百萬; 比率 8.424%    收6.72元，上升4.5%；比亞迪 (01211.HK)  +2.450 (+5.645%)    沽空 $1.81千萬; 比率 11.737%    收45.3元，上升4.4%；海螺水泥 (00914.HK)  +1.600 (+3.532%)    沽空 $1.33億; 比率 49.546%    收47.15元，上升4.1%；舜宇 (02382.HK)  -5.000 (-5.647%)    沽空 $6.93千萬; 比率 7.993%    收85.05元，下跌4%；萬洲 (00288.HK)  -0.350 (-5.728%)    沽空 $2.92千萬; 比率 15.265%    收5.87元，下跌3.9%；中海油 (00883.HK)  +0.380 (+3.172%)    沽空 $4.83千萬; 比率 18.814%    收12.36元，上升3.2%；郵儲銀行 (01658.HK)  -0.180 (-3.758%)    沽空 $6.26百萬; 比率 7.787%    收4.64元，下跌3.1%；中車 (01766.HK)  -0.170 (-2.511%)    沽空 $1.10千萬; 比率 10.051%    收6.56元，下跌3.1%；華潤置地 (01109.HK)  +0.750 (+2.852%)    沽空 $3.41千萬; 比率 21.634%    收27.1元，上升3%；"
scb_2767,1398.HK,2018/08/20,09:29,《港股開市》恆指高開60點 騰訊領漲 聯通彈逾3%,"中美雙方計劃於下周就貿易問題恢復談判，或有望化解貿易戰。美股上周五(17日)上升，其中道指收升110點或0.43%。恆指今早高開60點或0.2%，報27,273；國指高開27點或0.3%，報10,541。騰訊(00700.HK) 沽空 $4.07億; 比率 7.751%   領漲大市，高開1.8%，造343.2元。舜宇光學(02382.HK)  -5.100 (-5.759%)    沽空 $6.93千萬; 比率 7.993%   及瑞聲(02018.HK)  -1.250 (-1.546%)    沽空 $2.08千萬; 比率 6.864%   分別高開0.5%及0.2%。中移動(00941.HK)  +1.650 (+2.251%)    沽空 $1.83億; 比率 22.001%   7月4G上客量加快至649萬，該股開市升1%，造74元。聯通(00762.HK)  +0.060 (+0.668%)    沽空 $1.75千萬; 比率 13.362%   彈3.3%，暫為表現最好藍籌。匯控(00005.HK)  0.000 (0.000%)    沽空 $1.13億; 比率 20.076%   、友邦(01299.HK)  +1.250 (+1.897%)    沽空 $1.29億; 比率 25.311%   則分別低開0.2%及1%。本地地產股太古A(00019.HK)  +0.200 (+0.220%)    沽空 $2.08千萬; 比率 26.309%   、恆地(00012.HK)  +0.250 (+0.611%)    沽空 $1.26千萬; 比率 33.711%   及新地(00016.HK)  +0.900 (+0.762%)    沽空 $1.97千萬; 比率 14.536%   高開0.8%-1.4%。長和(00001.HK)  +0.050 (+0.056%)    沽空 $3.67千萬; 比率 32.035%   及長實集團(01113.HK)  +0.100 (+0.181%)    沽空 $5.14百萬; 比率 4.227%   各低開0.4%及0.5%。永利澳門(01128.HK)  +1.360 (+7.351%)    沽空 $2.46千萬; 比率 6.098%   中期經調整EBITDA增37%，每股中期連特別息共派75仙，該股開市升3.8%。華潤電力(00836.HK)  +0.180 (+1.253%)    沽空 $2.13百萬; 比率 3.389%   轉讓一批煤炭資產，該股復牌升3%。潤燃(01193.HK)  +1.100 (+3.264%)    沽空 $2.54千萬; 比率 21.072%   中期多賺25%，派息15仙，該股開市揚9.8%。藍籌內需股蒙牛(02319.HK)  +0.250 (+1.157%)    沽空 $1.37千萬; 比率 11.841%   及萬洲(00288.HK)  -0.350 (-5.728%)    沽空 $2.92千萬; 比率 15.265%   分別高開1.9%及低開2.6%，其中萬洲暫為表現最差藍籌。中資金融股建行(00939.HK)  +0.060 (+0.884%)    沽空 $1.45億; 比率 21.363%   、工行(01398.HK)  +0.020 (+0.356%)    沽空 $1.34億; 比率 14.251%   低開0.4%、0.2%。神華(01088.HK)  +0.140 (+0.837%)    沽空 $9.63百萬; 比率 8.325%   高開1.6%。比亞迪(01211.HK)  +2.450 (+5.645%)    沽空 $1.81千萬; 比率 11.737%   高開2.2%，暫為表現最好國指成份股。希瑪眼科(03309.HK)  -0.680 (-11.909%)    沽空 $1.67百萬; 比率 7.203%   預警半年稅後利潤跌50%-60%，該股開市挫10.7%。"
scb_2767,1398.HK,2018/08/17,17:36,滬市北水連續四日走資  撤出騰訊及國壽,"港股今日(17日)全日升113點或0.4%，報27,213點，全日成交1,003.06億元。滬股通(南向)淨流出3.82億人幣，較上日淨流出15.29億人幣縮小，惟連續四日走資；深股通(南向)淨流出8,130萬人幣，較上日淨流出10.93億人幣縮小，惟亦連續四日走資。滬港通(南向)資金流入的活躍股份，依次為工行(01398.HK) 沽空 $1.34億; 比率 14.251%   及中生製藥(01177.HK)  -0.230 (-2.556%)    沽空 $4.87百萬; 比率 1.341%   ，分別錄4.54億港元及1.08億港元資金淨流入。滬港通(南向)資金流出的三大活躍股份，依次為騰訊(00700.HK)  +10.800 (+3.205%)    沽空 $4.07億; 比率 7.751%   、國壽(02628.HK)  -0.020 (-0.108%)    沽空 $2.86千萬; 比率 18.153%   及石藥(01093.HK)  +0.200 (+1.135%)    沽空 $1.15千萬; 比率 3.067%   ，分別錄4.1億港元、1.44億港元及5,882萬港元資金淨流出。"
scb_2767,1398.HK,2018/08/15,09:32,《港股開市》恆指低開28點  騰訊績前續偏淡  地產股逆市升,"金管局近三個月來再次入市承接港元沽盤，買入逾21億港元，土耳其金融市場回穩，美股回升，道指升112點或0.5%，不過港股未有跟隨回升，恆指今早低開28點或0.1%，報27,724，未幾跌幅擴大至逾100點；國指低開14點或0.1%，報10,729點。今日將發業績的騰訊(00700.HK) 沽空 $24.14億; 比率 17.272%   低開1.6%，其他上日急跌的新經濟股及科技股回穩，閱文集團(00772.HK)  -0.150 (-0.270%)    沽空 $1.65億; 比率 24.623%   上日業績後創新低，今早高開0.7%。舜宇光學(02382.HK)  -0.450 (-0.490%)    沽空 $6.99億; 比率 11.091%   業績遠遜市場預期昨急挫24.1%後，今早回升2.3%。瑞聲(02018.HK)  -1.350 (-1.574%)    沽空 $7.89千萬; 比率 9.338%   亦高開0.3%。金山軟件(03888.HK)  +0.260 (+1.973%)    沽空 $9.33千萬; 比率 10.682%   盈警上日股價急跌18.8%後，今早亦輕微高開1.4%。匯控(00005.HK)  -0.550 (-0.760%)    沽空 $2.53億; 比率 22.034%   低開0.6%，東亞(00023.HK)  0.000 (0.000%)    沽空 $4.56千萬; 比率 30.925%   恆生(00011.HK)  -0.800 (-0.381%)    沽空 $3.60千萬; 比率 12.343%   及友邦(01299.HK)  +0.100 (+0.147%)    沽空 $2.43億; 比率 21.271%   高開0.5%-1%。本地地產股逆市向好，太古(00019.HK)  +0.900 (+1.022%)    沽空 $3.44千萬; 比率 21.509%   高開4.4%。信置(00083.HK)  -0.060 (-0.467%)    沽空 $7.59百萬; 比率 16.024%   及新地(00016.HK)  -0.700 (-0.580%)    沽空 $6.30千萬; 比率 25.672%   高開升1.2%及1%。新世界(00017.HK)  -0.080 (-0.743%)    沽空 $7.83百萬; 比率 10.286%   高開0.4%。中資金融股個別發展，工行(01398.HK)  -0.050 (-0.876%)    沽空 $3.92億; 比率 29.654%   低開0.2%。國壽(02628.HK)  -0.040 (-0.212%)    沽空 $1.03億; 比率 27.556%   及中國平安(02318.HK)  -0.500 (-0.711%)    沽空 $6.16億; 比率 28.273%   各高開1%及低開0.4%。"
scb_2767,1398.HK,2018/08/14,17:36,滬市北水轉向淨流出18.2億人幣  騰訊遭撤資23.4億港元,"港股今日(14日)全日跌184點或0.7%，報27,753點，全日成交1,024.09億港元。滬股通(南向)淨流出18.23億人幣，扭轉上日淨流入10.73億人幣勢頭；深股通(南向)淨流出7.85億人幣，亦扭轉上日淨流入3,310萬人幣勢頭。滬港通(南向)資金流入的三大活躍股份，依次為工行(01398.HK) 沽空 $3.92億; 比率 29.654%   、安踏(02020.HK)  +1.600 (+4.384%)    沽空 $9.98千萬; 比率 8.156%   及海螺創業(00586.HK)  -0.150 (-0.508%)    沽空 $1.17千萬; 比率 3.923%   ，分別錄1.7億港元、1.19億港元及9,749萬港元資金淨流入。滬港通(南向)資金流出的三大活躍股份，依次為騰訊(00700.HK)  -8.600 (-2.467%)    沽空 $24.14億; 比率 17.272%   、建行(00939.HK)  -0.090 (-1.302%)    沽空 $4.27億; 比率 29.469%   及中生製藥(01177.HK)  -0.280 (-2.745%)    沽空 $2.97千萬; 比率 3.317%   ，分別錄23.38億港元、1.53億港元及6,349萬港元資金淨流出。"
scb_2767,1398.HK,2018/08/14,16:25,《全日總結》恆指再跌183點  舜宇業績遠遜急挫24%,"恆指今日向下連跌三日，創近十一個月低。土耳其及新興市場金融動盪影響投資者入市情緒，美股道指連跌第四日，昨晚(13日)下滑0.5%。恆指今早微微高開後隨即掉頭，最多跌413點曾低見27,522，其後跌幅漸收窄。恆指全日收27,752點，跌183點或0.7%；國指全日跌22點或0.2%，收10,744。大市成交升至1,024.09億元。滬港通及深港通南下交易全日淨流出金額各為18.23億及7.85億人民幣。舜宇光學(02382.HK) 沽空 $6.99億; 比率 11.091%   中期純利僅增1.8%遠遜市場預期，毛利率及人民幣貶值令人失望，股價最多挫28.5%曾低見86.6元，全日下滑24.1%，報91.9元，為表現最差藍籌，成交額63億元。瑞聲(02018.HK)  -1.000 (-1.166%)    沽空 $7.89千萬; 比率 9.338%   亦挫7.1%。高偉電子(01415.HK)  0.000 (0.000%)   及丘鈦(01478.HK)  -0.110 (-1.916%)    沽空 $10.00百萬; 比率 16.973%   亦分別跌7.1%及4.8%。騰訊(00700.HK)  -9.000 (-2.582%)    沽空 $24.14億; 比率 17.272%   全日股價跌3.4%，報348.6元。閱文集團(00772.HK)  -0.800 (-1.439%)    沽空 $1.65億; 比率 24.623%   中期純利按年增139%，惟現金加新股收購電視劇業務涉155億人民幣，股價挫17%創上市以來新低。金山軟件(03888.HK)  +0.400 (+3.035%)    沽空 $9.33千萬; 比率 10.682%   料下半年業績受壓，全年或錄得虧損，該股急跌18.8%。同業金蝶(00268.HK)  -0.320 (-3.162%)    沽空 $1.31億; 比率 15.693%   亦挫8%。另外，中國光大國際(00257.HK)  -0.320 (-4.638%)    沽空 $7.76千萬; 比率 10.628%   挫21.1%。安踏體育(02020.HK)  +1.500 (+4.110%)    沽空 $9.98千萬; 比率 8.156%   中績多賺34%增派息，不過業績後捱沽，股價挫10.1%逾五個月低。中電(00002.HK)  -0.850 (-0.912%)    沽空 $9.88千萬; 比率 19.672%   逆市升3.3%創新高，為表現最好藍籌。電能實業(00006.HK)  +0.150 (+0.267%)    沽空 $4.31千萬; 比率 16.148%   亦升1.8%。李澤楷上周兩度增持香港電訊(06823.HK)  -0.060 (-0.585%)    沽空 $1.45千萬; 比率 15.893%   涉資1.4億元，股價升1.2%。中移動(00941.HK)  -0.250 (-0.352%)    沽空 $1.30億; 比率 12.196%   及匯控(00005.HK)  -0.550 (-0.760%)    沽空 $2.53億; 比率 22.034%   靠穩升0.8%及0.3%。獲加入MSCI兩大中國指數的中興通訊(00763.HK)  -0.240 (-1.760%)    沽空 $5.43千萬; 比率 13.251%   ，股價逆市揚4.8%。中資金融股走軟，中國平安(02318.HK)  -0.500 (-0.711%)    沽空 $6.16億; 比率 28.273%   及國壽(02628.HK)  -0.020 (-0.106%)    沽空 $1.03億; 比率 27.556%   各跌1.1%及0.4%。建行(00939.HK)  -0.080 (-1.158%)    沽空 $4.27億; 比率 29.469%   、工行(01398.HK)  -0.060 (-1.051%)    沽空 $3.92億; 比率 29.654%   跌0.3%及0.2%。眾安(06060.HK)  -0.700 (-1.977%)    沽空 $1.19千萬; 比率 28.736%   跌1.4%。昨日多隻教育股大成交急挫，而今日齊發澄清公告指修訂草案不會對營運造成重大不利影響後股價回穩上升，其中新高教(02001.HK)  -0.080 (-1.538%)    沽空 $1.75百萬; 比率 0.566%   及睿見教育(06068.HK)  -0.110 (-2.301%)    沽空 $1.00千萬; 比率 4.947%   分別反彈10.6%及16%。另外，四環醫藥(00460.HK)  -0.030 (-1.685%)    沽空 $7.78百萬; 比率 6.379%   抗腫瘤新藥進入中國二期臨床試驗，逆彈14.1%。"
scb_2767,1398.HK,2018/08/14,16:15,"《全日速報》恆指全日收報27,753點 跌184點 騰訊跌逾3% 中電創新高","恆指全日收27,753點，跌184點或0.7%。國指跌22點或0.2%，報10,744點。大市成交額1,024.09億元。活躍重磅股表現:騰訊 (00700.HK) 沽空 $11.13億; 比率 19.556%    收348.6元，下跌3.4%；港交所 (00388.HK)  -3.400 (-1.494%)    沽空 $3.63千萬; 比率 8.313%    收224.2元，下跌1.5%；平安 (02318.HK)  -0.700 (-0.985%)    沽空 $1.67億; 比率 28.692%    收70.35元，下跌1.1%；匯控 (00005.HK)  +0.250 (+0.347%)    沽空 $7.89千萬; 比率 16.895%    收72.35元，上升0.3%；建行 (00939.HK)  -0.010 (-0.144%)    沽空 $1.54億; 比率 26.483%    收6.91元，下跌0.3%；友邦 (01299.HK)  -0.200 (-0.293%)    沽空 $1.50億; 比率 25.733%    收68元，下跌0.2%；工行 (01398.HK)  0.000 (0.000%)    沽空 $1.61億; 比率 25.829%    收5.71元，下跌0.2%；異動成份股:舜宇 (02382.HK)  -29.150 (-24.071%)    沽空 $5.26億; 比率 13.301%    收91.9元，下跌24.1%；瑞聲 (02018.HK)  -6.700 (-7.255%)    沽空 $2.76千萬; 比率 5.748%    收85.75元，下跌7.1%；粵投 (00270.HK)  +0.580 (+4.441%)    沽空 $4.95百萬; 比率 15.630%    收13.62元，上升4.3%；吉利 (00175.HK)  -0.620 (-3.730%)    沽空 $1.21千萬; 比率 4.223%    收16元，下跌3.7%；石藥 (01093.HK)  -0.800 (-4.000%)    沽空 $1.79千萬; 比率 7.717%    收19.26元，下跌3.7%；銀娛 (00027.HK)  -2.150 (-3.717%)    沽空 $1.13億; 比率 25.530%    收55.75元，下跌3.6%；申洲 (02313.HK)  -3.400 (-3.520%)    沽空 $1.16千萬; 比率 6.586%    收93.1元，下跌3.6%；中電 (00002.HK)  +3.000 (+3.326%)    沽空 $4.87千萬; 比率 23.827%    收93.2元，上升3.3%，創新高；"
scb_2767,1398.HK,2018/08/14,12:05,"《半日速報》恆指半日收報27,687點 跌250點 騰訊跌逾3%","恆指半日收27,687點，跌250點或0.9%。國指跌63點或0.6%，報10,703點。活躍重磅股表現:騰訊 (00700.HK) 沽空 $13.26億; 比率 21.598%    收347.8元，下跌3.7%；平安 (02318.HK)  -1.000 (-1.406%)    沽空 $6.82億; 比率 34.684%    收70.2元，下跌1.3%；港交所 (00388.HK)  -3.000 (-1.318%)    沽空 $7.48千萬; 比率 10.996%    收224.8元，下跌1.2%；建行 (00939.HK)  -0.050 (-0.722%)    沽空 $4.92億; 比率 27.490%    收6.87元，下跌0.9%；工行 (01398.HK)  -0.040 (-0.699%)    沽空 $5.19億; 比率 38.538%    收5.69元，下跌0.5%；友邦 (01299.HK)  +0.100 (+0.147%)    沽空 $2.85億; 比率 32.037%    收68.2元，上升0.1%；匯控 (00005.HK)  0.000 (0.000%)    沽空 $2.85億; 比率 17.689%    收72.05元，下跌0.1%；異動成份股:舜宇 (02382.HK)  -29.250 (-24.154%)    沽空 $2.32億; 比率 25.501%    收91.4元，下跌24.5%；瑞聲 (02018.HK)  -6.500 (-7.038%)    沽空 $3.37千萬; 比率 8.862%    收85.8元，下跌7.1%；眾安 (06060.HK)  -1.000 (-2.786%)    沽空 $1.36千萬; 比率 27.640%    收34.8元，下跌3.1%；金沙 (01928.HK)  -1.100 (-2.914%)    沽空 $1.84億; 比率 48.170%    收36.6元，下跌3%；石藥 (01093.HK)  -0.580 (-2.900%)    沽空 $3.42千萬; 比率 7.131%    收19.4元，下跌3%；"
scb_2767,1398.HK,2018/08/14,09:27,《港股開市》恆指高開1點 舜宇業績遠遜急挫17%,"土耳其金融動盪影響投資者入市情緒，貿易戰擔憂亦繼續影響大市，道指連跌第四日，昨晚(13日)收跌125點或0.5%。恆指今早微微高開1點或0.006%，報27,938；國指高開35點或0.3%，報10,802。舜宇光學(02382.HK) 沽空 $2.32億; 比率 25.501%   中期純利僅增1.8%遠遜市場預期，該股開市急挫17.4%，報100元，暫為表現最差藍籌。瑞聲(02018.HK)  -5.400 (-5.847%)    沽空 $3.37千萬; 比率 8.862%   亦跌3.6%。騰訊(00700.HK)  -5.800 (-1.607%)    沽空 $13.26億; 比率 21.598%   低開1.7%，造355元，暫為表現最差國指成份股。金山軟件(03888.HK)  -2.260 (-13.916%)    沽空 $3.53千萬; 比率 26.557%   料下半年業績受壓，全年或錄得虧損，該股開市跌5.8%。中移動(00941.HK)  +0.300 (+0.426%)    沽空 $1.27億; 比率 13.547%   靠穩高開0.9%。匯控(00005.HK)  -0.150 (-0.208%)    沽空 $2.85億; 比率 17.689%   、友邦(01299.HK)  +0.550 (+0.807%)    沽空 $2.85億; 比率 32.037%   則分別低開0.1%及0.2%。本地地產股信置(00083.HK)  +0.140 (+1.108%)    沽空 $5.54百萬; 比率 10.457%   及新世界(00017.HK)  0.000 (0.000%)    沽空 $1.27千萬; 比率 15.782%   分別高開1.4%及0.9%。藍籌內需股蒙牛(02319.HK)  -0.100 (-0.439%)    沽空 $1.49千萬; 比率 7.705%   高開3%，暫為表現最好藍籌。中資金融股建行(00939.HK)  0.000 (0.000%)    沽空 $4.92億; 比率 27.490%   、工行(01398.HK)  0.000 (0.000%)    沽空 $5.19億; 比率 38.538%   、中行(03988.HK)  -0.010 (-0.281%)    沽空 $2.16億; 比率 22.390%   高開0.6%-0.7%。部份內房股向好，潤地(01109.HK)  -0.400 (-1.447%)    沽空 $7.41千萬; 比率 27.705%   及碧桂園(02007.HK)  +0.020 (+0.175%)    沽空 $5.87千萬; 比率 10.200%   分別高開2%及1%，其中潤地暫為表現最好國指成份股。紐約期油跌0.6%，三桶油則靠穩向上，其中中海油(00883.HK)  +0.160 (+1.280%)    沽空 $9.20千萬; 比率 17.582%   、中石油(00857.HK)  +0.060 (+1.033%)    沽空 $1.65億; 比率 26.140%   分別高開1.9%及0.7%。昨日多隻教育股大成交急挫，而今日齊發澄清公告指修訂草案不會對營運造成重大不利影響後，股價回穩上升，楓葉教育(01317.HK)  +0.100 (+2.232%)    沽空 $1.41億; 比率 17.815%   、新高教(02001.HK)  +0.460 (+9.787%)    沽空 $1.12千萬; 比率 3.157%   、宇華教育(06169.HK)  +0.170 (+5.000%)    沽空 $9.81千萬; 比率 14.437%   、天立教育(01773.HK)  0.000 (0.000%)   及睿見教育(06068.HK)  +0.310 (+7.524%)    沽空 $4.72千萬; 比率 13.809%   高開4%-5.8%。"
scb_2767,1398.HK,2018/08/14,08:40,中國興業控股(00132.HK)附屬購1.4億人幣理財產品,中國興業控股(00132.HK)公布，於8月9日，非全資附屬中岩泰科與工商銀行(01398.HK)  0.000 (0.000%)    沽空 $5.19億; 比率 38.538%   (601398.SH)訂立新工行理財協議，公司已同意購買1.4億元人民幣(相當於約1.61億港元)之理財產品。該產品為保本浮動收益結構性產品，風險很低。預期產品年化收益率為，倘匯率屬工行於各投資周期界定之匯率變動範圍內，則該投資周期的預期年化收益率將設定為2.9%。倘匯率超出工行於各投資周期界定之匯率變動範圍，則該投資周期的預期年化收益率將調整為1.8%。
scb_2767,1398.HK,2018/08/13,17:35,滬市北水轉向淨流入10.7億人幣  湧入工行、恆大及建行,"港股今日(13日)全日跌430點或1.5%，報27,937點，全日成交834.6億港元。滬股通(南向)淨流入10.73億人幣，扭轉上日淨流出6.98億人幣勢頭；深股通(南向)淨流入3,310萬人幣，較上日淨流入1.95億人幣縮減。滬港通(南向)資金流入的三大活躍股份，依次為工行(01398.HK) 沽空 $5.19億; 比率 38.538%   、恆大(03333.HK)  -1.700 (-5.996%)    沽空 $1.79億; 比率 13.277%   及建行(00939.HK)  -0.090 (-1.282%)    沽空 $4.92億; 比率 27.490%   ，分別錄5.38億港元、2.7億港元及2.23億港元資金淨流入。滬港通(南向)資金流出的三大活躍股份，依次為太保(02601.HK)  -0.400 (-1.272%)    沽空 $1.17億; 比率 23.814%   、中生製藥(01177.HK)  +0.420 (+4.054%)    沽空 $8.29千萬; 比率 9.202%   及騰訊(00700.HK)  -9.000 (-2.432%)    沽空 $13.26億; 比率 21.598%   ，分別錄1.38億港元、8,761萬港元及4,816萬港元資金淨流出。"
scb_2767,1398.HK,2018/08/13,17:35,港股全日沽空132.34億元  佔可沽空股份成交20.86%,港股全日沽空132.34億元，佔可沽空股份成交20.86%，上日為18.62%。騰訊(00700.HK) 沽空 $13.26億; 比率 21.598%   沽空比率21.59%。平安(02318.HK)  -0.850 (-1.181%)    沽空 $6.82億; 比率 34.684%   沽空比率34.68%。工行(01398.HK)  -0.060 (-1.038%)    沽空 $5.19億; 比率 38.538%   沽空比率38.54%。
scb_2767,1398.HK,2018/08/13,16:23,《港股總結》恆指跌430點 藍籌新貴逆升 教育股急挫 ,"港股今隨外圍向下及跌穿二萬八關，美股道指上周五跌0.8%，市場憂土耳其「爆煲」蔓延至其他市場，拖累恆指今早低開409點或1.4%，午後最多挫逾540點曾低見27,823點。全日恆指下滑430點或1.5%，報27,936點。國指下滑176點或1.6%，報10,766點。大市成交額834.6億元。滬港通及深港通南下交易全日淨流入金額各為10.73億及3,310萬人民幣。藍籌股近乎全線下挫，騰訊(00700.HK) 沽空 $6.47億; 比率 22.564%   跌2.4%報361元；舜宇(02382.HK)  -5.300 (-4.193%)    沽空 $6.85千萬; 比率 16.273%   及瑞聲(02018.HK)  -2.550 (-2.687%)    沽空 $1.57千萬; 比率 9.660%   各下滑4.2%及2.7%。港鐵(00066.HK)  -0.550 (-1.373%)    沽空 $2.38千萬; 比率 8.681%   「股價失守40元，今再跌1.4%報39.5元。恆指公司上周五公布季檢結果，東亞銀行(00023.HK)  -1.750 (-5.785%)    沽空 $6.95千萬; 比率 44.823%   是三十四年來首度被踢出藍籌，股價今急跌5.8%，是跌幅最大藍籌；同遭剔出藍籌的招商局港口(00144.HK)  -0.660 (-4.024%)    沽空 $3.88千萬; 比率 38.585%   跌4%。中生製藥(01177.HK)  +0.420 (+4.054%)    沽空 $4.79千萬; 比率 9.339%   及申洲國際(02313.HK)  +1.900 (+2.006%)    沽空 $2.54千萬; 比率 5.567%   齊染藍，股價分別逆市升4.1%及2%。金融股受壓，友邦(01299.HK)  -1.100 (-1.588%)    沽空 $1.58億; 比率 36.483%   跌1.6%。工行(01398.HK)  -0.060 (-1.038%)    沽空 $2.65億; 比率 40.788%   及建行(00939.HK)  -0.090 (-1.282%)    沽空 $2.75億; 比率 26.757%   各跌1%及1.3%。中國平安(02318.HK)  -0.850 (-1.181%)    沽空 $3.25億; 比率 36.058%   、國壽(02628.HK)  -0.200 (-1.044%)    沽空 $1.01億; 比率 34.725%   分別跌1.2%及1%。華融(02799.HK)  -0.080 (-4.103%)    沽空 $1.83千萬; 比率 21.805%   走低4.1%。另外，長實集團(01113.HK)  -0.750 (-1.296%)    沽空 $3.69千萬; 比率 19.525%   夥長建(01038.HK)  -0.450 (-0.779%)    沽空 $9.04百萬; 比率 16.262%   及電能(00006.HK)  -0.750 (-1.340%)    沽空 $2.13千萬; 比率 37.272%   擬以信託收購澳洲APA，三股跌幅介乎0.8%-1.3%。中移動(00941.HK)  -1.400 (-1.949%)    沽空 $9.30千萬; 比率 19.606%   及匯控(00005.HK)  -0.500 (-0.689%)    沽空 $1.22億; 比率 21.905%   各跌1.9%及0.7%。上市教育股大成交急挫，內地擬加強監管民辦學校，楓葉教育(01317.HK)  -2.020 (-31.077%)    沽空 $1.05億; 比率 22.378%   股價瀉31.1%。新高教(02001.HK)  -2.260 (-32.471%)    沽空 $6.59百萬; 比率 3.053%   、宇華教育(06169.HK)  -1.960 (-36.567%)    沽空 $7.23千萬; 比率 19.806%   、天立教育(01773.HK)  -1.200 (-37.383%)   及睿見教育(06068.HK)  -2.720 (-39.766%)    沽空 $3.51千萬; 比率 19.404%   瀉32.5%-40%。希望教育(01765.HK)  -0.360 (-16.667%)   挫16.7%。利福中國(02136.HK)  +0.290 (+9.265%)    沽空 $8.99萬; 比率 0.777%   今日將公布業績，全日股價逆市造好升9.3%。新股千盛集團控股(08475.HK.HK)今早首掛，全日收報0.495元，較上市價0.72元，低出31.3%。"
scb_2767,1398.HK,2018/08/13,16:15,《全日速報》恆指跌430點 東亞跌逾5%,"恆指全日收27,937點，跌430點或1.5%。國指跌177點或1.6%，報10,767點。大市成交額834.60億元。活躍重磅股表現:騰訊 (00700.HK) 沽空 $6.47億; 比率 22.564%    收361元，下跌2.4%；友邦 (01299.HK)  -1.150 (-1.661%)    沽空 $1.58億; 比率 36.483%    收68.15元，下跌1.6%；建行 (00939.HK)  -0.080 (-1.140%)    沽空 $2.75億; 比率 26.757%    收6.93元，下跌1.3%；平安 (02318.HK)  -0.850 (-1.181%)    沽空 $3.25億; 比率 36.058%    收71.1元，下跌1.2%；港交所 (00388.HK)  -2.600 (-1.129%)    沽空 $3.10千萬; 比率 10.951%    收227.6元，下跌1.1%；工行 (01398.HK)  -0.060 (-1.038%)    沽空 $2.65億; 比率 40.788%    收5.72元，下跌1.0%；匯控 (00005.HK)  -0.500 (-0.689%)    沽空 $1.22億; 比率 21.905%    收72.1元，下跌0.7%；異動成份股:東亞 (00023.HK)  -1.750 (-5.785%)    沽空 $6.95千萬; 比率 44.823%    收28.5元，下跌5.8%；國航 (00753.HK)  -0.310 (-4.410%)    沽空 $6.13百萬; 比率 8.734%    收6.72元，下跌4.4%；舜宇 (02382.HK)  -5.400 (-4.272%)    沽空 $6.85千萬; 比率 16.273%    收121.1元，下跌4.2%；人保 (01339.HK)  -0.160 (-4.408%)    沽空 $6.73百萬; 比率 15.259%    收3.48元，下跌4.1%；中國華融 (02799.HK)  -0.080 (-4.103%)    沽空 $1.83千萬; 比率 21.805%    收1.87元，下跌4.1%；招商局港口 (00144.HK)  -0.660 (-4.024%)    沽空 $3.88千萬; 比率 38.585%    收15.74元，下跌4.0%；眾安 (06060.HK)  -1.400 (-3.753%)    沽空 $8.50百萬; 比率 30.481%    收35.9元，下跌3.8%；碧桂園 (02007.HK)  -0.440 (-3.710%)    沽空 $2.76千萬; 比率 8.865%    收11.42元，下跌3.7%；旺旺 (00151.HK)  -0.230 (-3.698%)    沽空 $1.21千萬; 比率 33.436%    收5.99元，下跌3.7%；中燃 (00384.HK)  -1.100 (-3.618%)    沽空 $1.96千萬; 比率 19.449%    收29.3元，下跌3.6%；廣發証券 (01776.HK)  -0.360 (-3.333%)    沽空 $4.44百萬; 比率 40.005%    收10.42元，下跌3.5%；財險 (02328.HK)  -0.330 (-3.310%)    沽空 $4.25千萬; 比率 19.958%    收9.64元，下跌3.3%；郵儲銀行 (01658.HK)  -0.170 (-3.288%)    沽空 $3.80百萬; 比率 12.467%    收5元，下跌3.3%；"
scb_2767,1398.HK,2018/08/13,12:11,《半日總結》恆指跌519點 藍籌新貴逆升 教育股捱沽,"港股今早隨外圍急挫穿二萬八關，美股道指收跌196點或0.8%，市場憂土耳其「爆煲」蔓延至其他市場，拖累恆指今早低開409點或1.4%，最多挫逾530點，低見27,831點。半日恆指挫519點或1.8%，報27,847點。國指挫229點或2.1%，報10,713點。成交454.82億。藍籌股近乎全線下挫，騰訊(00700.HK) 沽空 $6.47億; 比率 22.564%   跌2.3%報361.4元；舜宇(02382.HK)  -5.800 (-4.589%)    沽空 $6.85千萬; 比率 16.273%   及瑞聲(02018.HK)  -2.800 (-2.950%)    沽空 $1.57千萬; 比率 9.660%   跌4.7%及3.5%。中移動(00941.HK)  -1.300 (-1.809%)    沽空 $9.30千萬; 比率 19.606%   匯控(00005.HK)  -0.550 (-0.758%)    沽空 $1.22億; 比率 21.905%   跌1.5%及0.4%，港鐵(00066.HK)  -0.500 (-1.248%)    沽空 $2.38千萬; 比率 8.681%   未止挫，今再跌2.4%。恆指公司上周五公布季檢結果，東亞銀行(00023.HK)  -1.750 (-5.785%)    沽空 $6.95千萬; 比率 44.823%   是三十四年來首度被踢出藍籌，股價今急跌6.3%，是跌幅最大藍籌；同遭剔出藍籌的招商局港口(00144.HK)  -0.600 (-3.659%)    沽空 $3.88千萬; 比率 38.585%   跌4.6%。中生製藥(01177.HK)  +0.440 (+4.247%)    沽空 $4.79千萬; 比率 9.339%   及申洲國際(02313.HK)  +1.600 (+1.690%)    沽空 $2.54千萬; 比率 5.567%   齊染藍，股價分別逆市升3.9%及3.5%。長實集團(01113.HK)  -0.750 (-1.296%)    沽空 $3.69千萬; 比率 19.525%   夥長建(01038.HK)  -0.500 (-0.865%)    沽空 $9.04百萬; 比率 16.262%   及電能(00006.HK)  -0.750 (-1.340%)    沽空 $2.13千萬; 比率 37.272%   擬以信託收購澳洲APA，三股跌幅介乎1%-1.5%。金融股受壓，友邦(01299.HK)  -0.900 (-1.300%)    沽空 $1.58億; 比率 36.483%   跌2.2%。工行(01398.HK)  -0.060 (-1.038%)    沽空 $2.65億; 比率 40.788%   及建行(00939.HK)  -0.100 (-1.425%)    沽空 $2.75億; 比率 26.757%   齊跌1.6%。中國平安(02318.HK)  -1.050 (-1.459%)    沽空 $3.25億; 比率 36.058%   、國壽(02628.HK)  -0.240 (-1.253%)    沽空 $1.01億; 比率 34.725%   跌2%及1.5%。華融(02799.HK)  -0.090 (-4.615%)    沽空 $1.83千萬; 比率 21.805%   挫5.6%。上市教育股大成交下挫，內地擬加強監管民辦學校，新高教(02001.HK)  -2.100 (-30.172%)    沽空 $6.59百萬; 比率 3.053%   、楓葉教育(01317.HK)  -1.970 (-30.308%)    沽空 $1.05億; 比率 22.378%   、宇華教育(06169.HK)  -1.810 (-33.769%)    沽空 $7.23千萬; 比率 19.806%   、天立教育(01773.HK)  -1.190 (-37.072%)   及睿見教育(06068.HK)  -2.750 (-40.205%)    沽空 $3.51千萬; 比率 19.404%   瀉26.2%-38.6%。希望教育(01765.HK)  -0.520 (-24.074%)   挫18.5%。新股千盛集團控股(08475.HK.HK)今早首掛，半日收報0.6元，較上市價0.72元，低出16.7%。(ca/)"
scb_2767,1398.HK,2018/08/13,12:05,《半日速報》恆指跌519點 東亞跌逾6%,"恆指半日收27,847點，跌519點或1.8%。國指跌230點或2.1%，報10,713點。活躍重磅股表現:騰訊 (00700.HK) 沽空 $6.47億; 比率 22.564%    收361.4元，下跌2.3%；友邦 (01299.HK)  -0.900 (-1.300%)    沽空 $1.58億; 比率 36.483%    收67.7元，下跌2.2%；平安 (02318.HK)  -1.050 (-1.459%)    沽空 $3.25億; 比率 36.058%    收70.5元，下跌2.0%；建行 (00939.HK)  -0.110 (-1.567%)    沽空 $2.75億; 比率 26.757%    收6.91元，下跌1.6%；工行 (01398.HK)  -0.060 (-1.038%)    沽空 $2.65億; 比率 40.788%    收5.69元，下跌1.6%；匯控 (00005.HK)  -0.550 (-0.758%)    沽空 $1.22億; 比率 21.905%    收72.3元，下跌0.4%；異動成份股:東亞 (00023.HK)  -1.750 (-5.785%)    沽空 $6.95千萬; 比率 44.823%    收28.35元，下跌6.3%；中國華融 (02799.HK)  -0.080 (-4.103%)    沽空 $1.83千萬; 比率 21.805%    收1.84元，下跌5.6%；眾安 (06060.HK)  -1.550 (-4.155%)    沽空 $8.50百萬; 比率 30.481%    收35.2元，下跌5.6%；國航 (00753.HK)  -0.310 (-4.410%)    沽空 $6.13百萬; 比率 8.734%    收6.66元，下跌5.3%；舜宇 (02382.HK)  -5.800 (-4.589%)    沽空 $6.85千萬; 比率 16.273%    收120.5元，下跌4.7%；招商局港口 (00144.HK)  -0.600 (-3.659%)    沽空 $3.88千萬; 比率 38.585%    收15.64元，下跌4.6%；人保 (01339.HK)  -0.150 (-4.132%)    沽空 $6.73百萬; 比率 15.259%    收3.47元，下跌4.4%；碧桂園 (02007.HK)  -0.400 (-3.373%)    沽空 $2.76千萬; 比率 8.865%    收11.34元，下跌4.4%；廣發証券 (01776.HK)  -0.400 (-3.704%)    沽空 $4.44百萬; 比率 40.005%    收10.34元，下跌4.3%；旺旺 (00151.HK)  -0.230 (-3.698%)    沽空 $1.21千萬; 比率 33.436%    收5.96元，下跌4.2%；財險 (02328.HK)  -0.330 (-3.310%)    沽空 $4.25千萬; 比率 19.958%    收9.56元，下跌4.1%；萬科 (02202.HK)  -0.550 (-2.200%)    沽空 $1.69千萬; 比率 12.672%    收24.05元，下跌3.8%；招行 (03968.HK)  -0.800 (-2.623%)    沽空 $5.97千萬; 比率 20.763%    收29.4元，下跌3.6%；申洲 (02313.HK)  +1.600 (+1.690%)    沽空 $2.54千萬; 比率 5.567%    收98.05元，上升3.5%；瑞聲 (02018.HK)  -2.800 (-2.950%)    沽空 $1.57千萬; 比率 9.660%    收91.55元，下跌3.5%；海通證券 (06837.HK)  -0.200 (-2.670%)    沽空 $1.65千萬; 比率 42.487%    收7.23元，下跌3.5%；蒙牛 (02319.HK)  -0.550 (-2.350%)    沽空 $6.90百萬; 比率 14.697%    收22.6元，下跌3.4%；郵儲銀行 (01658.HK)  -0.190 (-3.675%)    沽空 $3.80百萬; 比率 12.467%    收5元，下跌3.3%；銀娛 (00027.HK)  -1.400 (-2.357%)    沽空 $6.15千萬; 比率 22.597%    收57.45元，下跌3.3%；中信証券 (06030.HK)  -0.380 (-2.480%)    沽空 $1.96千萬; 比率 25.259%    收14.82元，下跌3.3%；聯通 (00762.HK)  -0.280 (-2.923%)    沽空 $4.33千萬; 比率 25.900%    收9.27元，下跌3.2%；華能 (00902.HK)  -0.110 (-2.079%)    沽空 $6.66百萬; 比率 8.587%    收5.12元，下跌3.2%；新華保險 (01336.HK)  -0.800 (-2.312%)    沽空 $5.33百萬; 比率 10.684%    收33.5元，下跌3.2%；神華 (01088.HK)  -0.440 (-2.477%)    沽空 $2.01千萬; 比率 15.637%    收17.22元，下跌3.0%；中國銀河 (06881.HK)  -0.120 (-3.000%)    沽空 $9.69百萬; 比率 26.970%    收3.88元，下跌3.0%；"
scb_2767,1398.HK,2018/08/13,10:55,《大行報告》瑞銀下調內銀目標價 料未來12個月呈區間上落,瑞銀發表報告指，貨幣政策放寬或支持內銀下半年信貸增長，雖外圍不確定因素，內地政府近日採取較積極的政策放寬，相信可緩解市場憂慮，有利提升投資者信心。該行料內銀次季業績改善，將支持近期股價反彈，建議趁估值較低時收集。惟基於人民幣貶值及更高風險溢價，下調內銀H股目標價，並下調重農行(03618.HK) 沽空 $7.34百萬; 比率 26.926%   評級至「中性」，升農行(01288.HK)  -0.030 (-0.798%)    沽空 $8.91千萬; 比率 31.167%   評級至「買入」。相信行業中期仍存在風險，股價將於區間上落。該行對內銀最新評級及目標價如下：股份｜評級｜目標價(元)建設銀行(00939.HK)  -0.110 (-1.567%)    沽空 $2.75億; 比率 26.757%   ｜買入｜11.5→8.8農業銀行(01288.HK)  -0.030 (-0.798%)    沽空 $8.91千萬; 比率 31.167%   ｜中性→買入｜4.8→4.6工商銀行(01398.HK)  -0.060 (-1.038%)    沽空 $2.65億; 比率 40.788%   ｜買入｜9.2→7.0招商銀行(03968.HK)  -0.800 (-2.623%)    沽空 $5.97千萬; 比率 20.763%   ｜買入｜43.6→35.6重農行(03618.HK)  -0.190 (-4.130%)    沽空 $7.34百萬; 比率 26.926%   ｜買入→中性｜7.0→4.9中國銀行(03988.HK)  -0.070 (-1.934%)    沽空 $9.26千萬; 比率 20.908%   ｜中性｜4.2→3.9交通銀行(03328.HK)  -0.080 (-1.439%)    沽空 $1.73千萬; 比率 35.595%   ｜中性｜6.3→6.0徽商銀行(03698.HK)  -0.050 (-1.458%)   ｜沽售｜3.3→3
scb_2767,1398.HK,2018/08/13,09:32,《港股開市》恆指低開409點 東亞及招商局遭剔出藍籌捱沽,"港匯近日貼近7.85弱方兌換水平，美股道指收跌196點或0.8%，市場憂土耳其「爆煲」蔓延至其他市場，拖累恆指今早低開409點或1.4%，報27,956點，穿二萬八關。國指低開161點或1.5%，報10,781點。恆指公司上周五公布季檢結果，東亞銀行(00023.HK) 沽空 $6.95千萬; 比率 44.823%   是34年來首度被踢出藍籌，股價今早低開3.1%；同遭剔出藍籌的招商局港口(00144.HK)  -0.600 (-3.659%)    沽空 $3.88千萬; 比率 38.585%   更低開4.9%。中生製藥(01177.HK)  +0.420 (+4.054%)    沽空 $4.79千萬; 比率 9.339%   及申洲國際(02313.HK)  +1.550 (+1.637%)    沽空 $2.54千萬; 比率 5.567%   齊染藍，股價分別高開3.5%及4.4%。騰訊(00700.HK)  -8.000 (-2.162%)    沽空 $6.47億; 比率 22.564%   低開1.9%，造363元；舜宇(02382.HK)  -5.700 (-4.509%)    沽空 $6.85千萬; 比率 16.273%   及瑞聲(02018.HK)  -2.950 (-3.109%)    沽空 $1.57千萬; 比率 9.660%   均低開3.5%。中移動(00941.HK)  -1.300 (-1.809%)    沽空 $9.30千萬; 比率 19.606%   匯控(00005.HK)  -0.500 (-0.689%)    沽空 $1.22億; 比率 21.905%   低開0.4%及0.7%，港鐵(00066.HK)  -0.550 (-1.373%)    沽空 $2.38千萬; 比率 8.681%   未止挫，今再低開2.2%。長實集團(01113.HK)  -0.800 (-1.383%)    沽空 $3.69千萬; 比率 19.525%   夥長建(01038.HK)  -0.550 (-0.952%)    沽空 $9.04百萬; 比率 16.262%   及電能(00006.HK)  -0.700 (-1.251%)    沽空 $2.13千萬; 比率 37.272%   擬以信託收購澳洲APA，長和(00001.HK)  -1.100 (-1.238%)    沽空 $7.59千萬; 比率 44.647%   逆市高開0.2%。長實集團(01113.HK)  -0.800 (-1.383%)    沽空 $3.69千萬; 比率 19.525%   、長建(01038.HK)  -0.550 (-0.952%)    沽空 $9.04百萬; 比率 16.262%   及電能(00006.HK)  -0.700 (-1.251%)    沽空 $2.13千萬; 比率 37.272%   低開0.2%-0.8%。 金融股造淡，友邦(01299.HK)  -0.900 (-1.300%)    沽空 $1.58億; 比率 36.483%   低開1.8%。工行(01398.HK)  -0.080 (-1.384%)    沽空 $2.65億; 比率 40.788%   及建行(00939.HK)  -0.110 (-1.567%)    沽空 $2.75億; 比率 26.757%   更低開2.8%及2.1%。中國平安(02318.HK)  -1.050 (-1.459%)    沽空 $3.25億; 比率 36.058%   、國壽(02628.HK)  -0.200 (-1.044%)    沽空 $1.01億; 比率 34.725%   低開0.8%及2.9%。新股千盛集團控股(08475.HK.HK)今早首掛，開報0.7元，較上市價0.72元，低出2.8%。"
scb_2767,1398.HK,2018/08/13,08:36,據報內地年底前出台僵屍企業處置等政策,據《經濟參考報》通過近日採訪調研獲悉，內地下一步去產能的重點在於打破制度梗阻，加快僵屍企業出清。目前地方和企業已有所行動，而8月下旬國務院也將開展相關督查。在年底前將研究出台有效處置僵屍企業、市場化債轉股、兼併重組等政策。報道指出，在去產能的過程中，各地都在探索盤活閑置資產，推動企業轉型發展。但相較於資產處置，債務處置進展較慢。「市場化債轉股」是應對上述問題的手段之一。但目前大部分都還停留在協議階段，真正推進並完整落地的並不多。目前地方和企業已有所行動。近期，農業銀行(01288.HK) 沽空 $8.91千萬; 比率 31.167%   (601288.SH)、工商銀行(01398.HK)  -0.070 (-1.211%)    沽空 $2.65億; 比率 40.788%   (601398.SH)的市場化債轉股實施機構已注冊成立私募基金子公司。廣東、浙江、河北、安徽、江西等各地也針對清理僵屍企業、人員安置出台了相應政策，明確了時間表，並且通過逐家約談和召集專項會議等形式加速推進。
